evolution_id,evolve_1,evolve_2,evolve_3
1,1,2,3
2,4,5,6
3,7,8,9
4,10,11,12
5,13,14,15
6,16,17,18
7,19,20,
8,21,22,
9,23,24,
10,172,25,26
11,27,28,
12,29,30,31
13,32,33,34
14,173,35,36
15,37,38,
16,174,39,40
17,41,42,169
18,43,44,45
18,43,44,182
19,46,47,
20,48,49,
21,50,51,
22,52,53,
23,54,55,
24,56,57,
25,58,59,
26,60,61,62
26,60,61,186
27,63,64,65
28,66,67,68
29,69,70,71
30,72,73,
31,74,75,76
32,77,78,
33,79,80,
33,79,199,
34,81,82,462
35,252,253,254
36,84,85,
37,86,87,
38,88,89,
39,90,91,
40,92,93,94
41,95,208,
42,96,97,
43,98,99,
44,100,101,
45,102,103,
46,104,105,
47,236,106,
47,236,107,
47,236,237,
48,108,463,
49,109,110,
50,111,112,464
51,440,113,242
52,114,465,
53,255,256,257
54,116,117,230
55,118,119,
56,120,121,
57,439,122,
58,123,212,
59,238,124,
60,239,125,466
61,240,126,467
62,258,259,260
63,261,262,
64,129,130,
65,263,264,
66,270,271,272
67,133,134,
67,133,135,
67,133,136,
67,133,197,
67,133,471,
67,133,470,
67,133,196,
67,133,700,
68,137,233,474
69,138,139,
70,140,141,
71,273,274,275
72,446,143,
73,276,277,
74,278,279,
75,283,284,
76,147,148,149
77,280,281,282
77,280,281,475
78,293,294,295
79,152,153,154
80,155,156,157
81,158,159,160
82,161,162,
83,163,164,
84,165,166,
85,167,168,
86,170,171,
87,175,176,468
88,177,178,
89,179,180,181
90,298,183,184
91,438,185,
92,187,188,189
93,190,424,
94,191,192,
95,193,469,
96,194,195,
97,198,430,
98,200,429,
99,285,286,
100,360,202,
101,287,288,289
102,204,205,
103,296,297,
104,207,472,
105,209,210,
106,290,291,
106,290,292,
107,299,476,
108,300,301,
109,215,461,
110,216,217,
111,218,219,
112,220,221,473
113,304,305,306
114,223,224,
115,307,308,
116,458,226,
117,309,310,
118,228,229,
119,231,232,
120,406,315,407
121,316,317,
122,318,319,
123,320,321,
124,322,323,
125,325,326,
126,246,247,248
127,265,266,267
127,265,268,269
128,328,329,330
129,331,332,
130,333,334,
131,339,340,
132,341,342,
133,343,344,
134,345,346,
135,347,348,
136,349,350,
137,353,354,
138,355,356,477
139,433,358,
140,361,362,
140,361,478,
141,363,364,365
142,366,367,
142,366,368,
143,371,372,373
144,374,375,376
145,387,388,389
146,390,391,392
147,393,394,395
148,396,397,398
149,399,400,
150,401,402,
151,403,404,405
152,408,409,
153,410,411,
154,412,413,
154,412,414,
155,415,416,
156,418,419,
157,420,421,
158,422,423,
159,425,426,
160,427,428,
161,431,432,
162,434,435,
163,436,437,
164,443,444,445
165,447,448,
166,449,450,
167,451,452,
168,453,454,
169,456,457,
170,459,460,
171,495,496,497
172,498,499,500
173,501,502,503
174,504,505,
175,506,507,508
176,509,510,
177,511,512,
178,513,514,
179,515,516,
180,517,518,
181,519,520,521
182,522,523,
183,524,525,526
184,527,528,
185,529,530,
186,532,533,534
187,535,536,537
188,540,541,542
189,543,544,545
190,546,547,
191,548,549,
192,551,552,553
193,554,555,
194,557,558,
195,559,560,
196,562,563,
197,564,565,
198,566,567,
199,568,569,
200,570,571,
201,572,573,
202,574,575,576
203,577,578,579
204,580,581,
205,582,583,584
206,585,586,
207,588,589,
208,590,591,
209,592,593,
210,595,596,
211,597,598,
212,599,600,601
213,602,603,604
214,605,606,
215,607,608,609
216,610,611,612
217,613,614,
218,616,617,
219,619,620,
220,622,623,
221,624,625,
222,627,628,
223,629,630,
224,633,634,635
225,636,637,
226,650,651,652
227,653,654,655
228,656,657,658
229,659,660,
230,661,662,663
231,664,665,666
232,667,668,
233,669,670,671
234,672,673,
235,674,675,
236,677,678,
237,679,680,681
238,682,683,
239,684,685,
240,686,687,
241,688,689,
242,690,691,
243,692,693,
244,694,695,
245,696,697,
246,698,699,
247,704,705,706
248,708,709,
249,710,711,
250,712,713,
251,714,715,
252,722,723,724
253,725,726,727
254,728,729,730
255,731,732,733
256,734,735,
257,736,737,738
258,739,740,
259,742,743,
260,744,745,
261,747,748,
262,749,750,
263,751,752,
264,753,754,
265,755,756,
266,757,758,
267,759,760,
268,761,762,763
269,767,768,
270,769,770,
271,772,773,
272,782,783,784
273,789,790,791
273,789,790,792
274,803,804,
