pokemon_id,name,species_id,image_id,evol_id,hp,attack,defense,special_attack,special_defense,speed
1,Bulbasaur,1,1,1,45,49,49,65,65,45
2,Ivysaur,2,2,1,60,62,63,80,80,60
3,Venusaur,3,3,1,80,82,83,100,100,80
4,Charmander,4,4,2,39,52,43,60,50,65
5,Charmeleon,5,5,2,58,64,58,80,65,80
6,Charizard,6,6,2,78,84,78,109,85,100
7,Squirtle,7,7,3,44,48,65,50,64,43
8,Wartortle,8,8,3,59,63,80,65,80,58
9,Blastoise,9,9,3,79,83,100,85,105,78
10,Caterpie,10,10,4,45,30,35,20,20,45
11,Metapod,11,11,4,50,20,55,25,25,30
12,Butterfree,12,12,4,60,45,50,90,80,70
13,Weedle,13,13,5,40,35,30,20,20,50
14,Kakuna,14,14,5,45,25,50,25,25,35
15,Beedrill,15,15,5,65,90,40,45,80,75
16,Pidgey,16,16,6,40,45,40,35,35,56
17,Pidgeotto,17,17,6,63,60,55,50,50,71
18,Pidgeot,18,18,6,83,80,75,70,70,101
19,Rattata,19,19,7,30,56,35,25,35,72
20,Raticate,20,20,7,55,81,60,50,70,97
21,Spearow,21,21,8,40,60,30,31,31,70
22,Fearow,22,22,8,65,90,65,61,61,100
23,Ekans,23,23,9,35,60,44,40,54,55
24,Arbok,24,24,9,60,95,69,65,79,80
25,Pikachu,25,25,10,35,55,40,50,50,90
26,Raichu,26,26,10,60,90,55,90,80,110
27,Sandshrew,27,27,11,50,75,85,20,30,40
28,Sandslash,28,28,11,75,100,110,45,55,65
29,Nidoran♀,29,29,12,55,47,52,40,40,41
30,Nidorina,30,30,12,70,62,67,55,55,56
31,Nidoqueen,31,31,12,90,92,87,75,85,76
32,Nidoran♂,32,32,13,46,57,40,40,40,50
33,Nidorino,33,33,13,61,72,57,55,55,65
34,Nidoking,34,34,13,81,102,77,85,75,85
35,Clefairy,35,35,14,70,45,48,60,65,35
36,Clefable,36,36,14,95,70,73,95,90,60
37,Vulpix,37,37,15,38,41,40,50,65,65
38,Ninetales,38,38,15,73,76,75,81,100,100
39,Jigglypuff,39,39,16,115,45,20,45,25,20
40,Wigglytuff,40,40,16,140,70,45,85,50,45
41,Zubat,41,41,17,40,45,35,30,40,55
42,Golbat,42,42,17,75,80,70,65,75,90
43,Oddish,43,43,18,45,50,55,75,65,30
44,Gloom,44,44,18,60,65,70,85,75,40
45,Vileplume,45,45,18,75,80,85,110,90,50
46,Paras,46,46,19,35,70,55,45,55,25
47,Parasect,47,47,19,60,95,80,60,80,30
48,Venonat,48,48,20,60,55,50,40,55,45
49,Venomoth,49,49,20,70,65,60,90,75,90
50,Diglett,50,50,21,10,55,25,35,45,95
51,Dugtrio,51,51,21,35,100,50,50,70,120
52,Meowth,52,52,22,40,45,35,40,40,90
53,Persian,53,53,22,65,70,60,65,65,115
54,Psyduck,54,54,23,50,52,48,65,50,55
55,Golduck,55,55,23,80,82,78,95,80,85
56,Mankey,56,56,24,40,80,35,35,45,70
57,Primeape,57,57,24,65,105,60,60,70,95
58,Growlithe,58,58,25,55,70,45,70,50,60
59,Arcanine,59,59,25,90,110,80,100,80,95
60,Poliwag,60,60,26,40,50,40,40,40,90
61,Poliwhirl,61,61,26,65,65,65,50,50,90
62,Poliwrath,62,62,26,90,95,95,70,90,70
63,Abra,63,63,27,25,20,15,105,55,90
64,Kadabra,64,64,27,40,35,30,120,70,105
65,Alakazam,65,65,27,55,50,45,135,95,120
66,Machop,66,66,28,70,80,50,35,35,35
67,Machoke,67,67,28,80,100,70,50,60,45
68,Machamp,68,68,28,90,130,80,65,85,55
69,Bellsprout,69,69,29,50,75,35,70,30,40
70,Weepinbell,70,70,29,65,90,50,85,45,55
71,Victreebel,71,71,29,80,105,65,100,70,70
72,Tentacool,72,72,30,40,40,35,50,100,70
73,Tentacruel,73,73,30,80,70,65,80,120,100
74,Geodude,74,74,31,40,80,100,30,30,20
75,Graveler,75,75,31,55,95,115,45,45,35
76,Golem,76,76,31,80,120,130,55,65,45
77,Ponyta,77,77,32,50,85,55,65,65,90
78,Rapidash,78,78,32,65,100,70,80,80,105
79,Slowpoke,79,79,33,90,65,65,40,40,15
80,Slowbro,80,80,33,95,75,110,100,80,30
81,Magnemite,81,81,34,25,35,70,95,55,45
82,Magneton,82,82,34,50,60,95,120,70,70
83,Farfetchd,83,83,0,52,90,55,58,62,60
84,Doduo,84,84,36,35,85,45,35,35,75
85,Dodrio,85,85,36,60,110,70,60,60,110
86,Seel,86,86,37,65,45,55,45,70,45
87,Dewgong,87,87,37,90,70,80,70,95,70
88,Grimer,88,88,38,80,80,50,40,50,25
89,Muk,89,89,38,105,105,75,65,100,50
90,Shellder,90,90,39,30,65,100,45,25,40
91,Cloyster,91,91,39,50,95,180,85,45,70
92,Gastly,92,92,40,30,35,30,100,35,80
93,Haunter,93,93,40,45,50,45,115,55,95
94,Gengar,94,94,40,60,65,60,130,75,110
95,Onix,95,95,41,35,45,160,30,45,70
96,Drowzee,96,96,42,60,48,45,43,90,42
97,Hypno,97,97,42,85,73,70,73,115,67
98,Krabby,98,98,43,30,105,90,25,25,50
99,Kingler,99,99,43,55,130,115,50,50,75
100,Voltorb,100,100,44,40,30,50,55,55,100
101,Electrode,101,101,44,60,50,70,80,80,150
102,Exeggcute,102,102,45,60,40,80,60,45,40
103,Exeggutor,103,103,45,95,95,85,125,75,55
104,Cubone,104,104,46,50,50,95,40,50,35
105,Marowak,105,105,46,60,80,110,50,80,45
106,Hitmonlee,106,106,47,50,120,53,35,110,87
107,Hitmonchan,107,107,47,50,105,79,35,110,76
108,Lickitung,108,108,48,90,55,75,60,75,30
109,Koffing,109,109,49,40,65,95,60,45,35
110,Weezing,110,110,49,65,90,120,85,70,60
111,Rhyhorn,111,111,50,80,85,95,30,30,25
112,Rhydon,112,112,50,105,130,120,45,45,40
113,Chansey,113,113,51,250,5,5,35,105,50
114,Tangela,114,114,52,65,55,115,100,40,60
115,Kangaskhan,115,115,0,105,95,80,40,80,90
116,Horsea,116,116,54,30,40,70,70,25,60
117,Seadra,117,117,54,55,65,95,95,45,85
118,Goldeen,118,118,55,45,67,60,35,50,63
119,Seaking,119,119,55,80,92,65,65,80,68
120,Staryu,120,120,56,30,45,55,70,55,85
121,Starmie,121,121,56,60,75,85,100,85,115
122,Mr. Mime,122,122,57,40,45,65,100,120,90
123,Scyther,123,123,58,70,110,80,55,80,105
124,Jynx,124,124,59,65,50,35,115,95,95
125,Electabuzz,125,125,60,65,83,57,95,85,105
126,Magmar,126,126,61,65,95,57,100,85,93
127,Pinsir,127,127,0,65,125,100,55,70,85
128,Tauros,128,128,0,75,100,95,40,70,110
129,Magikarp,129,129,64,20,10,55,15,20,80
130,Gyarados,130,130,64,95,125,79,60,100,81
131,Lapras,131,131,0,130,85,80,85,95,60
132,Ditto,132,132,0,48,48,48,48,48,48
133,Eevee,133,133,67,55,55,50,45,65,55
134,Vaporeon,134,134,67,130,65,60,110,95,65
135,Jolteon,135,135,67,65,65,60,110,95,130
136,Flareon,136,136,67,65,130,60,95,110,65
137,Porygon,137,137,68,65,60,70,85,75,40
138,Omanyte,138,138,69,35,40,100,90,55,35
139,Omastar,139,139,69,70,60,125,115,70,55
140,Kabuto,140,140,70,30,80,90,55,45,55
141,Kabutops,141,141,70,60,115,105,65,70,80
142,Aerodactyl,142,142,0,80,105,65,60,75,130
143,Snorlax,143,143,72,160,110,65,65,110,30
144,Articuno,144,144,0,90,85,100,95,125,85
145,Zapdos,145,145,0,90,90,85,125,90,100
146,Moltres,146,146,0,90,100,90,125,85,90
147,Dratini,147,147,76,41,64,45,50,50,50
148,Dragonair,148,148,76,61,84,65,70,70,70
149,Dragonite,149,149,76,91,134,95,100,100,80
150,Mewtwo,150,150,0,106,110,90,154,90,130
151,Mew,151,151,0,100,100,100,100,100,100
152,Chikorita,152,152,79,45,49,65,49,65,45
153,Bayleef,153,153,79,60,62,80,63,80,60
154,Meganium,154,154,79,80,82,100,83,100,80
155,Cyndaquil,155,155,80,39,52,43,60,50,65
156,Quilava,156,156,80,58,64,58,80,65,80
157,Typhlosion,157,157,80,78,84,78,109,85,100
158,Totodile,158,158,81,50,65,64,44,48,43
159,Croconaw,159,159,81,65,80,80,59,63,58
160,Feraligatr,160,160,81,85,105,100,79,83,78
161,Sentret,161,161,82,35,46,34,35,45,20
162,Furret,162,162,82,85,76,64,45,55,90
163,Hoothoot,163,163,83,60,30,30,36,56,50
164,Noctowl,164,164,83,100,50,50,86,96,70
165,Ledyba,165,165,84,40,20,30,40,80,55
166,Ledian,166,166,84,55,35,50,55,110,85
167,Spinarak,167,167,85,40,60,40,40,40,30
168,Ariados,168,168,85,70,90,70,60,70,40
169,Crobat,169,169,17,85,90,80,70,80,130
170,Chinchou,170,170,86,75,38,38,56,56,67
171,Lanturn,171,171,86,125,58,58,76,76,67
172,Pichu,172,172,10,20,40,15,35,35,60
173,Cleffa,173,173,14,50,25,28,45,55,15
174,Igglybuff,174,174,16,90,30,15,40,20,15
175,Togepi,175,175,87,35,20,65,40,65,20
176,Togetic,176,176,87,55,40,85,80,105,40
177,Natu,177,177,88,40,50,45,70,45,70
178,Xatu,178,178,88,65,75,70,95,70,95
179,Mareep,179,179,89,55,40,40,65,45,35
180,Flaaffy,180,180,89,70,55,55,80,60,45
181,Ampharos,181,181,89,90,75,85,115,90,55
182,Bellossom,182,182,18,75,80,95,90,100,50
183,Marill,183,183,90,70,20,50,20,50,40
184,Azumarill,184,184,90,100,50,80,60,80,50
185,Sudowoodo,185,185,91,70,100,115,30,65,30
186,Politoed,186,186,26,90,75,75,90,100,70
187,Hoppip,187,187,92,35,35,40,35,55,50
188,Skiploom,188,188,92,55,45,50,45,65,80
189,Jumpluff,189,189,92,75,55,70,55,95,110
190,Aipom,190,190,93,55,70,55,40,55,85
191,Sunkern,191,191,94,30,30,30,30,30,30
192,Sunflora,192,192,94,75,75,55,105,85,30
193,Yanma,193,193,95,65,65,45,75,45,95
194,Wooper,194,194,96,55,45,45,25,25,15
195,Quagsire,195,195,96,95,85,85,65,65,35
196,Espeon,196,196,67,65,65,60,130,95,110
197,Umbreon,197,197,67,95,65,110,60,130,65
198,Murkrow,198,198,97,60,85,42,85,42,91
199,Slowking,199,199,33,95,75,80,100,110,30
200,Misdreavus,200,200,98,60,60,60,85,85,85
201,Unown,201,201,0,48,72,48,72,48,48
202,Wobbuffet,202,202,100,190,33,58,33,58,33
203,Girafarig,203,203,0,70,80,65,90,65,85
204,Pineco,204,204,102,50,65,90,35,35,15
205,Forretress,205,205,102,75,90,140,60,60,40
206,Dunsparce,206,206,0,100,70,70,65,65,45
207,Gligar,207,207,104,65,75,105,35,65,85
208,Steelix,208,208,41,75,85,200,55,65,30
209,Snubbull,209,209,105,60,80,50,40,40,30
210,Granbull,210,210,105,90,120,75,60,60,45
211,Qwilfish,211,211,0,65,95,85,55,55,85
212,Scizor,212,212,58,70,130,100,55,80,65
213,Shuckle,213,213,0,20,10,230,10,230,5
214,Heracross,214,214,0,80,125,75,40,95,85
215,Sneasel,215,215,109,55,95,55,35,75,115
216,Teddiursa,216,216,110,60,80,50,50,50,40
217,Ursaring,217,217,110,90,130,75,75,75,55
218,Slugma,218,218,111,40,40,40,70,40,20
219,Magcargo,219,219,111,60,50,120,90,80,30
220,Swinub,220,220,112,50,50,40,30,30,50
221,Piloswine,221,221,112,100,100,80,60,60,50
222,Corsola,222,222,0,65,55,95,65,95,35
223,Remoraid,223,223,114,35,65,35,65,35,65
224,Octillery,224,224,114,75,105,75,105,75,45
225,Delibird,225,225,0,45,55,45,65,45,75
226,Mantine,226,226,116,85,40,70,80,140,70
227,Skarmory,227,227,0,65,80,140,40,70,70
228,Houndour,228,228,118,45,60,30,80,50,65
229,Houndoom,229,229,118,75,90,50,110,80,95
230,Kingdra,230,230,54,75,95,95,95,95,85
231,Phanpy,231,231,119,90,60,60,40,40,40
232,Donphan,232,232,119,90,120,120,60,60,50
233,Porygon2,233,233,68,85,80,90,105,95,60
234,Stantler,234,234,0,73,95,62,85,65,85
235,Smeargle,235,235,0,55,20,35,20,45,75
236,Tyrogue,236,236,47,35,35,35,35,35,35
237,Hitmontop,237,237,47,50,95,95,35,110,70
238,Smoochum,238,238,59,45,30,15,85,65,65
239,Elekid,239,239,60,45,63,37,65,55,95
240,Magby,240,240,61,45,75,37,70,55,83
241,Miltank,241,241,0,95,80,105,40,70,100
242,Blissey,242,242,51,255,10,10,75,135,55
243,Raikou,243,243,0,90,85,75,115,100,115
244,Entei,244,244,0,115,115,85,90,75,100
245,Suicune,245,245,0,100,75,115,90,115,85
246,Larvitar,246,246,126,50,64,50,45,50,41
247,Pupitar,247,247,126,70,84,70,65,70,51
248,Tyranitar,248,248,126,100,134,110,95,100,61
249,Lugia,249,249,0,106,90,130,90,154,110
250,Ho-Oh,250,250,0,106,130,90,110,154,90
251,Celebi,251,251,0,100,100,100,100,100,100
252,Treecko,252,252,35,40,45,35,65,55,70
253,Grovyle,253,253,35,50,65,45,85,65,95
254,Sceptile,254,254,35,70,85,65,105,85,120
255,Torchic,255,255,53,45,60,40,70,50,45
256,Combusken,256,256,53,60,85,60,85,60,55
257,Blaziken,257,257,53,80,120,70,110,70,80
258,Mudkip,258,258,62,50,70,50,50,50,40
259,Marshtomp,259,259,62,70,85,70,60,70,50
260,Swampert,260,260,62,100,110,90,85,90,60
261,Poochyena,261,261,63,35,55,35,30,30,35
262,Mightyena,262,262,63,70,90,70,60,60,70
263,Zigzagoon,263,263,65,38,30,41,30,41,60
264,Linoone,264,264,65,78,70,61,50,61,100
265,Wurmple,265,265,127,45,45,35,20,30,20
266,Silcoon,266,266,127,50,35,55,25,25,15
267,Beautifly,267,267,127,60,70,50,100,50,65
268,Cascoon,268,268,127,50,35,55,25,25,15
269,Dustox,269,269,127,60,50,70,50,90,65
270,Lotad,270,270,66,40,30,30,40,50,30
271,Lombre,271,271,66,60,50,50,60,70,50
272,Ludicolo,272,272,66,80,70,70,90,100,70
273,Seedot,273,273,71,40,40,50,30,30,30
274,Nuzleaf,274,274,71,70,70,40,60,40,60
275,Shiftry,275,275,71,90,100,60,90,60,80
276,Taillow,276,276,73,40,55,30,30,30,85
277,Swellow,277,277,73,60,85,60,75,50,125
278,Wingull,278,278,74,40,30,30,55,30,85
279,Pelipper,279,279,74,60,50,100,95,70,65
280,Ralts,280,280,77,28,25,25,45,35,40
281,Kirlia,281,281,77,38,35,35,65,55,50
282,Gardevoir,282,282,77,68,65,65,125,115,80
283,Surskit,283,283,75,40,30,32,50,52,65
284,Masquerain,284,284,75,70,60,62,100,82,80
285,Shroomish,285,285,99,60,40,60,40,60,35
286,Breloom,286,286,99,60,130,80,60,60,70
287,Slakoth,287,287,101,60,60,60,35,35,30
288,Vigoroth,288,288,101,80,80,80,55,55,90
289,Slaking,289,289,101,150,160,100,95,65,100
290,Nincada,290,290,106,31,45,90,30,30,40
291,Ninjask,291,291,106,61,90,45,50,50,160
292,Shedinja,292,292,106,1,90,45,30,30,40
293,Whismur,293,293,78,64,51,23,51,23,28
294,Loudred,294,294,78,84,71,43,71,43,48
295,Exploud,295,295,78,104,91,63,91,73,68
296,Makuhita,296,296,103,72,60,30,20,30,25
297,Hariyama,297,297,103,144,120,60,40,60,50
298,Azurill,298,298,90,50,20,40,20,40,20
299,Nosepass,299,299,107,30,45,135,45,90,30
300,Skitty,300,300,108,50,45,45,35,35,50
301,Delcatty,301,301,108,70,65,65,55,55,90
302,Sableye,302,302,0,50,75,75,65,65,50
303,Mawile,303,303,0,50,85,85,55,55,50
304,Aron,304,304,113,50,70,100,40,40,30
305,Lairon,305,305,113,60,90,140,50,50,40
306,Aggron,306,306,113,70,110,180,60,60,50
307,Meditite,307,307,115,30,40,55,40,55,60
308,Medicham,308,308,115,60,60,75,60,75,80
309,Electrike,309,309,117,40,45,40,65,40,65
310,Manectric,310,310,117,70,75,60,105,60,105
311,Plusle,311,311,0,60,50,40,85,75,95
312,Minun,312,312,0,60,40,50,75,85,95
313,Volbeat,313,313,0,65,73,75,47,85,85
314,Illumise,314,314,0,65,47,75,73,85,85
315,Roselia,315,315,120,50,60,45,100,80,65
316,Gulpin,316,316,121,70,43,53,43,53,40
317,Swalot,317,317,121,100,73,83,73,83,55
318,Carvanha,318,318,122,45,90,20,65,20,65
319,Sharpedo,319,319,122,70,120,40,95,40,95
320,Wailmer,320,320,123,130,70,35,70,35,60
321,Wailord,321,321,123,170,90,45,90,45,60
322,Numel,322,322,124,60,60,40,65,45,35
323,Camerupt,323,323,124,70,100,70,105,75,40
324,Torkoal,324,324,0,70,85,140,85,70,20
325,Spoink,325,325,125,60,25,35,70,80,60
326,Grumpig,326,326,125,80,45,65,90,110,80
327,Spinda,327,327,0,60,60,60,60,60,60
328,Trapinch,328,328,128,45,100,45,45,45,10
329,Vibrava,329,329,128,50,70,50,50,50,70
330,Flygon,330,330,128,80,100,80,80,80,100
331,Cacnea,331,331,129,50,85,40,85,40,35
332,Cacturne,332,332,129,70,115,60,115,60,55
333,Swablu,333,333,130,45,40,60,40,75,50
334,Altaria,334,334,130,75,70,90,70,105,80
335,Zangoose,335,335,0,73,115,60,60,60,90
336,Seviper,336,336,0,73,100,60,100,60,65
337,Lunatone,337,337,0,90,55,65,95,85,70
338,Solrock,338,338,0,90,95,85,55,65,70
339,Barboach,339,339,131,50,48,43,46,41,60
340,Whiscash,340,340,131,110,78,73,76,71,60
341,Corphish,341,341,132,43,80,65,50,35,35
342,Crawdaunt,342,342,132,63,120,85,90,55,55
343,Baltoy,343,343,133,40,40,55,40,70,55
344,Claydol,344,344,133,60,70,105,70,120,75
345,Lileep,345,345,134,66,41,77,61,87,23
346,Cradily,346,346,134,86,81,97,81,107,43
347,Anorith,347,347,135,45,95,50,40,50,75
348,Armaldo,348,348,135,75,125,100,70,80,45
349,Feebas,349,349,136,20,15,20,10,55,80
350,Milotic,350,350,136,95,60,79,100,125,81
351,Castform,351,351,0,70,70,70,70,70,70
352,Kecleon,352,352,0,60,90,70,60,120,40
353,Shuppet,353,353,137,44,75,35,63,33,45
354,Banette,354,354,137,64,115,65,83,63,65
355,Duskull,355,355,138,20,40,90,30,90,25
356,Dusclops,356,356,138,40,70,130,60,130,25
357,Tropius,357,357,0,99,68,83,72,87,51
358,Chimecho,358,358,139,75,50,80,95,90,65
359,Absol,359,359,0,65,130,60,75,60,75
360,Wynaut,360,360,100,95,23,48,23,48,23
361,Snorunt,361,361,140,50,50,50,50,50,50
362,Glalie,362,362,140,80,80,80,80,80,80
363,Spheal,363,363,141,70,40,50,55,50,25
364,Sealeo,364,364,141,90,60,70,75,70,45
365,Walrein,365,365,141,110,80,90,95,90,65
366,Clamperl,366,366,142,35,64,85,74,55,32
367,Huntail,367,367,142,55,104,105,94,75,52
368,Gorebyss,368,368,142,55,84,105,114,75,52
369,Relicanth,369,369,0,100,90,130,45,65,55
370,Luvdisc,370,370,0,43,30,55,40,65,97
371,Bagon,371,371,143,45,75,60,40,30,50
372,Shelgon,372,372,143,65,95,100,60,50,50
373,Salamence,373,373,143,95,135,80,110,80,100
374,Beldum,374,374,144,40,55,80,35,60,30
375,Metang,375,375,144,60,75,100,55,80,50
376,Metagross,376,376,144,80,135,130,95,90,70
377,Regirock,377,377,0,80,100,200,50,100,50
378,Regice,378,378,0,80,50,100,100,200,50
379,Registeel,379,379,0,80,75,150,75,150,50
380,Latias,380,380,0,80,80,90,110,130,110
381,Latios,381,381,0,80,90,80,130,110,110
382,Kyogre,382,382,0,100,100,90,150,140,90
383,Groudon,383,383,0,100,150,140,100,90,90
384,Rayquaza,384,384,0,105,150,90,150,90,95
385,Jirachi,385,385,0,100,100,100,100,100,100
386,Deoxys,386,386,0,50,150,50,150,50,150
387,Turtwig,387,387,145,55,68,64,45,55,31
388,Grotle,388,388,145,75,89,85,55,65,36
389,Torterra,389,389,145,95,109,105,75,85,56
390,Chimchar,390,390,146,44,58,44,58,44,61
391,Monferno,391,391,146,64,78,52,78,52,81
392,Infernape,392,392,146,76,104,71,104,71,108
393,Piplup,393,393,147,53,51,53,61,56,40
394,Prinplup,394,394,147,64,66,68,81,76,50
395,Empoleon,395,395,147,84,86,88,111,101,60
396,Starly,396,396,148,40,55,30,30,30,60
397,Staravia,397,397,148,55,75,50,40,40,80
398,Staraptor,398,398,148,85,120,70,50,60,100
399,Bidoof,399,399,149,59,45,40,35,40,31
400,Bibarel,400,400,149,79,85,60,55,60,71
401,Kricketot,401,401,150,37,25,41,25,41,25
402,Kricketune,402,402,150,77,85,51,55,51,65
403,Shinx,403,403,151,45,65,34,40,34,45
404,Luxio,404,404,151,60,85,49,60,49,60
405,Luxray,405,405,151,80,120,79,95,79,70
406,Budew,406,406,120,40,30,35,50,70,55
407,Roserade,407,407,120,60,70,65,125,105,90
408,Cranidos,408,408,152,67,125,40,30,30,58
409,Rampardos,409,409,152,97,165,60,65,50,58
410,Shieldon,410,410,153,30,42,118,42,88,30
411,Bastiodon,411,411,153,60,52,168,47,138,30
412,Burmy,412,412,154,40,29,45,29,45,36
413,Wormadam,413,413,154,60,59,85,79,105,36
414,Mothim,414,414,154,70,94,50,94,50,66
415,Combee,415,415,155,30,30,42,30,42,70
416,Vespiquen,416,416,155,70,80,102,80,102,40
417,Pachirisu,417,417,0,60,45,70,45,90,95
418,Buizel,418,418,156,55,65,35,60,30,85
419,Floatzel,419,419,156,85,105,55,85,50,115
420,Cherubi,420,420,157,45,35,45,62,53,35
421,Cherrim,421,421,157,70,60,70,87,78,85
422,Shellos,422,422,158,76,48,48,57,62,34
423,Gastrodon,423,423,158,111,83,68,92,82,39
424,Ambipom,424,424,93,75,100,66,60,66,115
425,Drifloon,425,425,159,90,50,34,60,44,70
426,Drifblim,426,426,159,150,80,44,90,54,80
427,Buneary,427,427,160,55,66,44,44,56,85
428,Lopunny,428,428,160,65,76,84,54,96,105
429,Mismagius,429,429,98,60,60,60,105,105,105
430,Honchkrow,430,430,97,100,125,52,105,52,71
431,Glameow,431,431,161,49,55,42,42,37,85
432,Purugly,432,432,161,71,82,64,64,59,112
433,Chingling,433,433,139,45,30,50,65,50,45
434,Stunky,434,434,162,63,63,47,41,41,74
435,Skuntank,435,435,162,103,93,67,71,61,84
436,Bronzor,436,436,163,57,24,86,24,86,23
437,Bronzong,437,437,163,67,89,116,79,116,33
438,Bonsly,438,438,91,50,80,95,10,45,10
439,Mime Jr.,439,439,57,20,25,45,70,90,60
440,Happiny,440,440,51,100,5,5,15,65,30
441,Chatot,441,441,0,76,65,45,92,42,91
442,Spiritomb,442,442,0,50,92,108,92,108,35
443,Gible,443,443,164,58,70,45,40,45,42
444,Gabite,444,444,164,68,90,65,50,55,82
445,Garchomp,445,445,164,108,130,95,80,85,102
446,Munchlax,446,446,72,135,85,40,40,85,5
447,Riolu,447,447,165,40,70,40,35,40,60
448,Lucario,448,448,165,70,110,70,115,70,90
449,Hippopotas,449,449,166,68,72,78,38,42,32
450,Hippowdon,450,450,166,108,112,118,68,72,47
451,Skorupi,451,451,167,40,50,90,30,55,65
452,Drapion,452,452,167,70,90,110,60,75,95
453,Croagunk,453,453,168,48,61,40,61,40,50
454,Toxicroak,454,454,168,83,106,65,86,65,85
455,Carnivine,455,455,0,74,100,72,90,72,46
456,Finneon,456,456,169,49,49,56,49,61,66
457,Lumineon,457,457,169,69,69,76,69,86,91
458,Mantyke,458,458,116,45,20,50,60,120,50
459,Snover,459,459,170,60,62,50,62,60,40
460,Abomasnow,460,460,170,90,92,75,92,85,60
461,Weavile,461,461,109,70,120,65,45,85,125
462,Magnezone,462,462,34,70,70,115,130,90,60
463,Lickilicky,463,463,48,110,85,95,80,95,50
464,Rhyperior,464,464,50,115,140,130,55,55,40
465,Tangrowth,465,465,52,100,100,125,110,50,50
466,Electivire,466,466,60,75,123,67,95,85,95
467,Magmortar,467,467,61,75,95,67,125,95,83
468,Togekiss,468,468,87,85,50,95,120,115,80
469,Yanmega,469,469,95,86,76,86,116,56,95
470,Leafeon,470,470,67,65,110,130,60,65,95
471,Glaceon,471,471,67,65,60,110,130,95,65
472,Gliscor,472,472,104,75,95,125,45,75,95
473,Mamoswine,473,473,112,110,130,80,70,60,80
474,Porygon-Z,474,474,68,85,80,70,135,75,90
475,Gallade,475,475,77,68,125,65,65,115,80
476,Probopass,476,476,107,60,55,145,75,150,40
477,Dusknoir,477,477,138,45,100,135,65,135,45
478,Froslass,478,478,140,70,80,70,80,70,110
479,Rotom,479,479,0,50,50,77,95,77,91
480,Uxie,480,480,0,75,75,130,75,130,95
481,Mesprit,481,481,0,80,105,105,105,105,80
482,Azelf,482,482,0,75,125,70,125,70,115
483,Dialga,483,483,0,100,120,120,150,100,90
484,Palkia,484,484,0,90,120,100,150,120,100
485,Heatran,485,485,0,91,90,106,130,106,77
486,Regigigas,486,486,0,110,160,110,80,110,100
487,Giratina,487,487,0,150,100,120,100,120,90
488,Cresselia,488,488,0,120,70,120,75,130,85
489,Phione,489,489,0,80,80,80,80,80,80
490,Manaphy,490,490,0,100,100,100,100,100,100
491,Darkrai,491,491,0,70,90,90,135,90,125
492,Shaymin,492,492,0,100,100,100,100,100,100
493,Arceus,493,493,0,120,120,120,120,120,120
494,Victini,494,494,0,100,100,100,100,100,100
495,Snivy,495,495,171,45,45,55,45,55,63
496,Servine,496,496,171,60,60,75,60,75,83
497,Serperior,497,497,171,75,75,95,75,95,113
498,Tepig,498,498,172,65,63,45,45,45,45
499,Pignite,499,499,172,90,93,55,70,55,55
500,Emboar,500,500,172,110,123,65,100,65,65
501,Oshawott,501,501,173,55,55,45,63,45,45
502,Dewott,502,502,173,75,75,60,83,60,60
503,Samurott,503,503,173,95,100,85,108,70,70
504,Patrat,504,504,174,45,55,39,35,39,42
505,Watchog,505,505,174,60,85,69,60,69,77
506,Lillipup,506,506,175,45,60,45,25,45,55
507,Herdier,507,507,175,65,80,65,35,65,60
508,Stoutland,508,508,175,85,110,90,45,90,80
509,Purrloin,509,509,176,41,50,37,50,37,66
510,Liepard,510,510,176,64,88,50,88,50,106
511,Pansage,511,511,177,50,53,48,53,48,64
512,Simisage,512,512,177,75,98,63,98,63,101
513,Pansear,513,513,178,50,53,48,53,48,64
514,Simisear,514,514,178,75,98,63,98,63,101
515,Panpour,515,515,179,50,53,48,53,48,64
516,Simipour,516,516,179,75,98,63,98,63,101
517,Munna,517,517,180,76,25,45,67,55,24
518,Musharna,518,518,180,116,55,85,107,95,29
519,Pidove,519,519,181,50,55,50,36,30,43
520,Tranquill,520,520,181,62,77,62,50,42,65
521,Unfezant,521,521,181,80,115,80,65,55,93
522,Blitzle,522,522,182,45,60,32,50,32,76
523,Zebstrika,523,523,182,75,100,63,80,63,116
524,Roggenrola,524,524,183,55,75,85,25,25,15
525,Boldore,525,525,183,70,105,105,50,40,20
526,Gigalith,526,526,183,85,135,130,60,80,25
527,Woobat,527,527,184,65,45,43,55,43,72
528,Swoobat,528,528,184,67,57,55,77,55,114
529,Drilbur,529,529,185,60,85,40,30,45,68
530,Excadrill,530,530,185,110,135,60,50,65,88
531,Audino,531,531,0,103,60,86,60,86,50
532,Timburr,532,532,186,75,80,55,25,35,35
533,Gurdurr,533,533,186,85,105,85,40,50,40
534,Conkeldurr,534,534,186,105,140,95,55,65,45
535,Tympole,535,535,187,50,50,40,50,40,64
536,Palpitoad,536,536,187,75,65,55,65,55,69
537,Seismitoad,537,537,187,105,95,75,85,75,74
538,Throh,538,538,0,120,100,85,30,85,45
539,Sawk,539,539,0,75,125,75,30,75,85
540,Sewaddle,540,540,188,45,53,70,40,60,42
541,Swadloon,541,541,188,55,63,90,50,80,42
542,Leavanny,542,542,188,75,103,80,70,80,92
543,Venipede,543,543,189,30,45,59,30,39,57
544,Whirlipede,544,544,189,40,55,99,40,79,47
545,Scolipede,545,545,189,60,100,89,55,69,112
546,Cottonee,546,546,190,40,27,60,37,50,66
547,Whimsicott,547,547,190,60,67,85,77,75,116
548,Petilil,548,548,191,45,35,50,70,50,30
549,Lilligant,549,549,191,70,60,75,110,75,90
550,Basculin,550,550,0,70,92,65,80,55,98
551,Sandile,551,551,192,50,72,35,35,35,65
552,Krokorok,552,552,192,60,82,45,45,45,74
553,Krookodile,553,553,192,95,117,80,65,70,92
554,Darumaka,554,554,193,70,90,45,15,45,50
555,Darmanitan,555,555,193,105,140,55,30,55,95
556,Maractus,556,556,0,75,86,67,106,67,60
557,Dwebble,557,557,194,50,65,85,35,35,55
558,Crustle,558,558,194,70,105,125,65,75,45
559,Scraggy,559,559,195,50,75,70,35,70,48
560,Scrafty,560,560,195,65,90,115,45,115,58
561,Sigilyph,561,561,0,72,58,80,103,80,97
562,Yamask,562,562,196,38,30,85,55,65,30
563,Cofagrigus,563,563,196,58,50,145,95,105,30
564,Tirtouga,564,564,197,54,78,103,53,45,22
565,Carracosta,565,565,197,74,108,133,83,65,32
566,Archen,566,566,198,55,112,45,74,45,70
567,Archeops,567,567,198,75,140,65,112,65,110
568,Trubbish,568,568,199,50,50,62,40,62,65
569,Garbodor,569,569,199,80,95,82,60,82,75
570,Zorua,570,570,200,40,65,40,80,40,65
571,Zoroark,571,571,200,60,105,60,120,60,105
572,Minccino,572,572,201,55,50,40,40,40,75
573,Cinccino,573,573,201,75,95,60,65,60,115
574,Gothita,574,574,202,45,30,50,55,65,45
575,Gothorita,575,575,202,60,45,70,75,85,55
576,Gothitelle,576,576,202,70,55,95,95,110,65
577,Solosis,577,577,203,45,30,40,105,50,20
578,Duosion,578,578,203,65,40,50,125,60,30
579,Reuniclus,579,579,203,110,65,75,125,85,30
580,Ducklett,580,580,204,62,44,50,44,50,55
581,Swanna,581,581,204,75,87,63,87,63,98
582,Vanillite,582,582,205,36,50,50,65,60,44
583,Vanillish,583,583,205,51,65,65,80,75,59
584,Vanilluxe,584,584,205,71,95,85,110,95,79
585,Deerling,585,585,206,60,60,50,40,50,75
586,Sawsbuck,586,586,206,80,100,70,60,70,95
587,Emolga,587,587,0,55,75,60,75,60,103
588,Karrablast,588,588,207,50,75,45,40,45,60
589,Escavalier,589,589,207,70,135,105,60,105,20
590,Foongus,590,590,208,69,55,45,55,55,15
591,Amoonguss,591,591,208,114,85,70,85,80,30
592,Frillish,592,592,209,55,40,50,65,85,40
593,Jellicent,593,593,209,100,60,70,85,105,60
594,Alomomola,594,594,0,165,75,80,40,45,65
595,Joltik,595,595,210,50,47,50,57,50,65
596,Galvantula,596,596,210,70,77,60,97,60,108
597,Ferroseed,597,597,211,44,50,91,24,86,10
598,Ferrothorn,598,598,211,74,94,131,54,116,20
599,Klink,599,599,212,40,55,70,45,60,30
600,Klang,600,600,212,60,80,95,70,85,50
601,Klinklang,601,601,212,60,100,115,70,85,90
602,Tynamo,602,602,213,35,55,40,45,40,60
603,Eelektrik,603,603,213,65,85,70,75,70,40
604,Eelektross,604,604,213,85,115,80,105,80,50
605,Elgyem,605,605,214,55,55,55,85,55,30
606,Beheeyem,606,606,214,75,75,75,125,95,40
607,Litwick,607,607,215,50,30,55,65,55,20
608,Lampent,608,608,215,60,40,60,95,60,55
609,Chandelure,609,609,215,60,55,90,145,90,80
610,Axew,610,610,216,46,87,60,30,40,57
611,Fraxure,611,611,216,66,117,70,40,50,67
612,Haxorus,612,612,216,76,147,90,60,70,97
613,Cubchoo,613,613,217,55,70,40,60,40,40
614,Beartic,614,614,217,95,130,80,70,80,50
615,Cryogonal,615,615,0,80,50,50,95,135,105
616,Shelmet,616,616,218,50,40,85,40,65,25
617,Accelgor,617,617,218,80,70,40,100,60,145
618,Stunfisk,618,618,0,109,66,84,81,99,32
619,Mienfoo,619,619,219,45,85,50,55,50,65
620,Mienshao,620,620,219,65,125,60,95,60,105
621,Druddigon,621,621,0,77,120,90,60,90,48
622,Golett,622,622,220,59,74,50,35,50,35
623,Golurk,623,623,220,89,124,80,55,80,55
624,Pawniard,624,624,221,45,85,70,40,40,60
625,Bisharp,625,625,221,65,125,100,60,70,70
626,Bouffalant,626,626,0,95,110,95,40,95,55
627,Rufflet,627,627,222,70,83,50,37,50,60
628,Braviary,628,628,222,100,123,75,57,75,80
629,Vullaby,629,629,223,70,55,75,45,65,60
630,Mandibuzz,630,630,223,110,65,105,55,95,80
631,Heatmor,631,631,0,85,97,66,105,66,65
632,Durant,632,632,0,58,109,112,48,48,109
633,Deino,633,633,224,52,65,50,45,50,38
634,Zweilous,634,634,224,72,85,70,65,70,58
635,Hydreigon,635,635,224,92,105,90,125,90,98
636,Larvesta,636,636,225,55,85,55,50,55,60
637,Volcarona,637,637,225,85,60,65,135,105,100
638,Cobalion,638,638,0,91,90,129,90,72,108
639,Terrakion,639,639,0,91,129,90,72,90,108
640,Virizion,640,640,0,91,90,72,90,129,108
641,Tornadus,641,641,0,79,115,70,125,80,111
642,Thundurus,642,642,0,79,115,70,125,80,111
643,Reshiram,643,643,0,100,120,100,150,120,90
644,Zekrom,644,644,0,100,150,120,120,100,90
645,Landorus,645,645,0,89,125,90,115,80,101
646,Kyurem,646,646,0,125,130,90,130,90,95
647,Keldeo,647,647,0,91,72,90,129,90,108
648,Meloetta,648,648,0,100,77,77,128,128,90
649,Genesect,649,649,0,71,120,95,120,95,99
650,Chespin,650,650,226,56,61,65,48,45,38
651,Quilladin,651,651,226,61,78,95,56,58,57
652,Chesnaught,652,652,226,88,107,122,74,75,64
653,Fennekin,653,653,227,40,45,40,62,60,60
654,Braixen,654,654,227,59,59,58,90,70,73
655,Delphox,655,655,227,75,69,72,114,100,104
656,Froakie,656,656,228,41,56,40,62,44,71
657,Frogadier,657,657,228,54,63,52,83,56,97
658,Greninja,658,658,228,72,95,67,103,71,122
659,Bunnelby,659,659,229,38,36,38,32,36,57
660,Diggersby,660,660,229,85,56,77,50,77,78
661,Fletchling,661,661,230,45,50,43,40,38,62
662,Fletchinder,662,662,230,62,73,55,56,52,84
663,Talonflame,663,663,230,78,81,71,74,69,126
664,Scatterbug,664,664,231,38,35,40,27,25,35
665,Spewpa,665,665,231,45,22,60,27,30,29
666,Vivillon,666,666,231,80,52,50,90,50,89
667,Litleo,667,667,232,62,50,58,73,54,72
668,Pyroar,668,668,232,86,68,72,109,66,106
669,Flabebe,669,669,233,44,38,39,61,79,42
670,Floette,670,670,233,54,45,47,75,98,52
671,Florges,671,671,233,78,65,68,112,154,75
672,Skiddo,672,672,234,66,65,48,62,57,52
673,Gogoat,673,673,234,123,100,62,97,81,68
674,Pancham,674,674,235,67,82,62,46,48,43
675,Pangoro,675,675,235,95,124,78,69,71,58
676,Furfrou,676,676,0,75,80,60,65,90,102
677,Espurr,677,677,236,62,48,54,63,60,68
678,Meowstic,678,678,236,74,48,76,83,81,104
679,Honedge,679,679,237,45,80,100,35,37,28
680,Doublade,680,680,237,59,110,150,45,49,35
681,Aegislash,681,681,237,60,50,150,50,150,60
682,Spritzee,682,682,238,78,52,60,63,65,23
683,Aromatisse,683,683,238,101,72,72,99,89,29
684,Swirlix,684,684,239,62,48,66,59,57,49
685,Slurpuff,685,685,239,82,80,86,85,75,72
686,Inkay,686,686,240,53,54,53,37,46,45
687,Malamar,687,687,240,86,92,88,68,75,73
688,Binacle,688,688,241,42,52,67,39,56,50
689,Barbaracle,689,689,241,72,105,115,54,86,68
690,Skrelp,690,690,242,50,60,60,60,60,30
691,Dragalge,691,691,242,65,75,90,97,123,44
692,Clauncher,692,692,243,50,53,62,58,63,44
693,Clawitzer,693,693,243,71,73,88,120,89,59
694,Helioptile,694,694,244,44,38,33,61,43,70
695,Heliolisk,695,695,244,62,55,52,109,94,109
696,Tyrunt,696,696,245,58,89,77,45,45,48
697,Tyrantrum,697,697,245,82,121,119,69,59,71
698,Amaura,698,698,246,77,59,50,67,63,46
699,Aurorus,699,699,246,123,77,72,99,92,58
700,Sylveon,700,700,0,95,65,65,110,130,60
701,Hawlucha,701,701,0,78,92,75,74,63,118
702,Dedenne,702,702,0,67,58,57,81,67,101
703,Carbink,703,703,0,50,50,150,50,150,50
704,Goomy,704,704,247,45,50,35,55,75,40
705,Sliggoo,705,705,247,68,75,53,83,113,60
706,Goodra,706,706,247,90,100,70,110,150,80
707,Klefki,707,707,0,57,80,91,80,87,75
708,Phantump,708,708,248,43,70,48,50,60,38
709,Trevenant,709,709,248,85,110,76,65,82,56
710,Pumpkaboo,710,710,249,49,66,70,44,55,51
711,Gourgeist,711,711,249,65,90,122,58,75,84
712,Bergmite,712,712,250,55,69,85,32,35,28
713,Avalugg,713,713,250,95,117,184,44,46,28
714,Noibat,714,714,251,40,30,35,45,40,55
715,Noivern,715,715,251,85,70,80,97,80,123
716,Xerneas,716,716,0,126,131,95,131,98,99
717,Yveltal,717,717,0,126,131,95,131,98,99
718,Zygarde,718,718,0,108,100,121,81,95,95
719,Diancie,719,719,0,50,100,150,100,150,50
720,Hoopa,720,720,0,80,110,60,150,130,70
721,Volcanion,721,721,0,80,110,120,130,90,70
722,Rowlet,722,722,252,68,55,55,50,50,42
723,Dartrix,723,723,252,78,75,75,70,70,52
724,Decidueye,724,724,252,78,107,75,100,100,70
725,Litten,725,725,253,45,65,40,60,40,70
726,Torracat,726,726,253,65,85,50,80,50,90
727,Incineroar,727,727,253,95,115,90,80,90,60
728,Popplio,728,728,254,50,54,54,66,56,40
729,Brionne,729,729,254,60,69,69,91,81,50
730,Primarina,730,730,254,80,74,74,126,116,60
731,Pikipek,731,731,255,35,75,30,30,30,65
732,Trumbeak,732,732,255,55,85,50,40,50,75
733,Toucannon,733,733,255,80,120,75,75,75,60
734,Yungoos,734,734,256,48,70,30,30,30,45
735,Gumshoos,735,735,256,88,110,60,55,60,45
736,Grubbin,736,736,257,47,62,45,55,45,46
737,Charjabug,737,737,257,57,82,95,55,75,36
738,Vikavolt,738,738,257,77,70,90,145,75,43
739,Crabrawler,739,739,258,47,82,57,42,47,63
740,Crabominable,740,740,258,97,132,77,62,67,43
741,Oricorio,741,741,0,75,70,70,98,70,93
742,Cutiefly,742,742,259,40,45,40,55,40,84
743,Ribombee,743,743,259,60,55,60,95,70,124
744,Rockruff,744,744,260,45,65,40,30,40,60
745,Lycanroc,745,745,260,75,115,65,55,65,112
746,Wishiwashi,746,746,0,45,20,20,25,25,40
747,Mareanie,747,747,261,50,53,62,43,52,45
748,Toxapex,748,748,261,50,63,152,53,142,35
749,Mudbray,749,749,262,70,100,70,45,55,45
750,Mudsdale,750,750,262,100,125,100,55,85,35
751,Dewpider,751,751,263,38,40,52,40,72,27
752,Araquanid,752,752,263,68,70,92,50,132,42
753,Fomantis,753,753,264,40,55,35,50,35,35
754,Lurantis,754,754,264,70,105,90,80,90,45
755,Morelull,755,755,265,40,35,55,65,75,15
756,Shiinotic,756,756,265,60,45,80,90,100,30
757,Salandit,757,757,266,48,44,40,71,40,77
758,Salazzle,758,758,266,68,64,60,111,60,117
759,Stufful,759,759,267,70,75,50,45,50,50
760,Bewear,760,760,267,120,125,80,55,60,60
761,Bounsweet,761,761,268,42,30,38,30,38,32
762,Steenee,762,762,268,52,40,48,40,48,62
763,Tsareena,763,763,268,72,120,98,50,98,72
764,Comfey,764,764,0,51,52,90,82,110,100
765,Oranguru,765,765,0,90,60,80,90,110,60
766,Passimian,766,766,0,100,120,90,40,60,80
767,Wimpod,767,767,269,25,35,40,20,30,80
768,Golisopod,768,768,269,75,125,140,60,90,40
769,Sandygast,769,769,270,55,55,80,70,45,15
770,Palossand,770,770,270,85,75,110,100,75,35
771,Pyukumuku,771,771,0,55,60,130,30,130,5
772,Type: Null,772,772,271,95,95,95,95,95,59
773,Silvally,773,773,271,95,95,95,95,95,95
774,Minior,774,774,0,60,60,100,60,100,60
775,Komala,775,775,0,65,115,65,75,95,65
776,Turtonator,776,776,0,60,78,135,91,85,36
777,Togedemaru,777,777,0,65,98,63,40,73,96
778,Mimikyu,778,778,0,55,90,80,50,105,96
779,Bruxish,779,779,0,68,105,70,70,70,92
780,Drampa,780,780,0,78,60,85,135,91,36
781,Dhelmise,781,781,0,70,131,100,86,90,40
782,Jangmo-o,782,782,272,45,55,65,45,45,45
783,Hakamo-o,783,783,272,55,75,90,65,70,65
784,Kommo-o,784,784,272,75,110,125,100,105,85
785,Tapu Koko,785,785,0,70,115,85,95,75,130
786,Tapu Lele,786,786,0,70,85,75,130,115,95
787,Tapu Bulu,787,787,0,70,130,115,85,95,75
788,Tapu Fini,788,788,0,70,75,115,95,130,85
789,Cosmog,789,789,273,43,29,31,29,31,37
790,Cosmoem,790,790,273,43,29,131,29,131,37
791,Solgaleo,791,791,273,137,137,107,113,89,97
792,Lunala,792,792,273,137,113,89,137,107,97
793,Nihilego,793,793,0,109,53,47,127,131,103
794,Buzzwole,794,794,0,107,139,139,53,53,79
795,Pheromosa,795,795,0,71,137,37,137,37,151
796,Xurkitree,796,796,0,83,89,71,173,71,83
797,Celesteela,797,797,0,97,101,103,107,101,61
798,Kartana,798,798,0,59,181,131,59,31,109
799,Guzzlord,799,799,0,223,101,53,97,53,43
800,Necrozma,800,800,0,97,107,101,127,89,79
801,Magearna,801,801,0,80,95,115,130,115,65
802,Marshadow,802,802,0,90,125,80,90,90,125
803,Poipole,386,803,274,67,73,67,73,67,73
804,Naganadel,386,804,274,73,73,73,127,73,121
805,Stakataka,386,805,0,61,131,211,53,101,13
806,Blacephalon,413,806,0,53,127,53,151,79,107
807,Zeraora,807,807,0,88,112,75,102,80,143
10000,Deoxys,386,386,0,50,150,50,150,50,150
10001,Attack Form,386,10001,0,50,180,20,180,20,150
10002,Defense Form,386,10002,0,50,70,160,70,160,90
10003,Speed Form,386,10003,0,50,95,90,95,90,180
10004,Plant Cloak,413,413,0,60,59,85,79,105,36
10005,Sandy Cloak,413,10005,0,60,79,105,59,85,36
10006,Trash Cloak,413,10006,0,60,69,95,69,95,36
10007,Land Form,492,492,0,100,100,100,100,100,100
10008,Sky Form,492,10008,0,100,103,75,120,75,127
10009,Altered Form,487,487,0,150,100,120,100,120,90
10010,Origin Form,487,10010,0,150,120,100,120,100,90
10011,Rotom,479,479,0,50,50,77,95,77,91
10012,Heat Rotom,479,10012,0,50,65,107,105,107,86
10013,Wash Rotom,479,10013,0,50,65,107,105,107,86
10014,Frost Rotom,479,10014,0,50,65,107,105,107,86
10015,Fan Rotom,479,10015,0,50,65,107,105,107,86
10016,Mow Rotom,479,10016,0,50,65,107,105,107,86
10017,Castform,351,351,0,70,70,70,70,70,70
10018,Sunny Form,351,351,0,70,70,70,70,70,70
10019,Rainy Form,351,351,0,70,70,70,70,70,70
10020,Snowy Form,351,351,0,70,70,70,70,70,70
10021,Red-Striped Form,550,550,0,70,92,65,80,55,98
10022,Blue-Striped Form,550,10022,0,0,92,65,80,55,98
10023,Standard Mode,555,555,0,105,140,55,30,55,95
10024,Zen Mode,555,10024,0,105,30,105,140,105,55
10025,Aria Form,648,648,0,100,77,77,128,128,90
10026,Pirouette Form,648,10026,0,100,128,90,77,77,128
10027,Incarnate Form,641,641,0,79,115,70,125,80,111
10028,Therian Form,641,10028,0,79,100,80,110,90,121
10029,Incarnate Form,642,642,0,79,115,70,125,80,111
10030,Therian Form,642,10030,0,79,105,70,145,80,101
10031,Incarnate Form,645,645,0,89,125,90,115,80,101
10032,Therian Form,645,10032,0,89,145,90,105,80,91
10033,Kyurem,646,646,0,125,130,90,130,90,95
10034,White Kyurem,646,10034,0,125,120,90,170,100,95
10035,Black Kyurem,646,10035,0,125,170,100,120,90,95
10036,Ordinary Form,647,647,0,91,72,90,129,90,108
10037,Resolute Form,647,10037,0,91,72,90,129,90,108
10038,Male,678,678,0,74,48,76,83,81,104
10039,Female,678,10039,0,74,48,76,83,81,104
10040,Shield Form,681,681,0,60,50,150,50,150,60
10041,Blade Form,681,10041,0,60,150,50,150,50,60
10042,Pumpkaboo,710,710,0,49,66,70,44,55,51
10043,Small Size,710,710,0,44,66,70,44,55,56
10044,Large Size,710,710,0,54,66,70,44,55,46
10045,Super Size,710,710,0,59,66,70,44,55,41
10046,Gourgeist,711,711,0,65,90,122,58,75,84
10047,Small Size,711,711,0,55,85,122,58,75,99
10048,Large Size,711,711,0,75,95,122,58,75,69
10049,Super Size,711,711,0,85,100,122,58,75,54
10050,Venusaur,3,3,0,80,82,83,100,100,80
10051,Mega Venusaur,3,10051,0,80,100,123,122,120,80
10052,Charizard,6,6,0,78,84,78,109,85,100
10053,Mega Charizard X,6,10053,0,78,130,111,130,85,100
10054,Mega Charizard Y,6,10054,0,78,104,78,159,115,100
10055,Blastoise,9,9,0,79,83,100,85,105,78
10056,Mega Blastoise,9,10056,0,79,103,120,135,115,78
10057,Alakazam,65,65,0,55,50,45,135,95,120
10058,Mega Alakazam,65,10058,0,55,50,65,175,105,150
10059,Gengar,94,94,0,60,65,60,130,75,110
10060,Mega Gengar,94,10060,0,60,65,80,170,95,130
10061,Kangaskhan,115,115,0,105,95,80,40,80,90
10062,Mega Kangaskhan,115,10062,0,105,125,100,60,100,100
10063,Pinsir,127,127,0,65,125,100,55,70,85
10064,Mega Pinsir,127,10064,0,65,155,120,65,90,105
10065,Gyarados,130,130,0,95,125,79,60,100,81
10066,Mega Gyarados,130,10066,0,95,155,109,70,130,81
10067,Aerodactyl,142,142,0,80,105,65,60,75,130
10068,Mega Aerodactyl,142,10068,0,80,135,85,70,95,150
10069,Meteor Form,774,774,0,60,60,100,60,100,60
10070,Red Core,774,10070,0,60,100,60,100,60,120
10071,Ampharos,181,181,0,90,75,85,115,90,55
10072,Mega Ampharos,181,10072,0,90,95,105,165,110,45
10073,Scizor,212,212,0,70,130,100,55,80,65
10074,Mega Scizor,212,10074,0,70,150,140,65,100,75
10075,Heracross,214,214,0,80,125,75,40,95,85
10076,Mega Heracross,214,10076,0,80,185,115,40,105,75
10077,Houndoom,229,229,0,75,90,50,110,80,95
10078,Mega Houndoom,229,10078,0,75,90,90,140,90,115
10079,Tyranitar,248,248,0,100,134,110,95,100,61
10080,Mega Tyranitar,248,10080,0,100,164,150,95,120,71
10081,Blaziken,257,257,0,80,120,70,110,70,80
10082,Mega Blaziken,257,10082,0,80,160,80,130,80,100
10083,Gardevoir,282,282,0,68,65,65,125,115,80
10084,Mega Gardevoir,282,10084,0,68,85,65,165,135,100
10085,Mawile,303,303,0,50,85,85,55,55,50
10086,Mega Mawile,303,10086,0,50,105,125,55,95,50
10087,Aggron,306,306,0,70,110,180,60,60,50
10088,Mega Aggron,306,10088,0,70,140,230,60,80,50
10089,Medicham,308,308,0,60,60,75,60,75,80
10090,Mega Medicham,308,10090,0,60,100,85,80,85,100
10091,Manectric,310,310,0,70,75,60,105,60,105
10092,Mega Manectric,310,10092,0,70,75,80,135,80,135
10093,Banette,354,354,0,64,115,65,83,63,65
10094,Mega Banette,354,10094,0,64,165,75,93,83,75
10095,Absol,359,359,0,65,130,60,75,60,75
10096,Mega Absol,359,10096,0,65,150,60,115,60,115
10097,Garchomp,445,445,0,108,130,95,80,85,102
10098,Mega Garchomp,445,10098,0,108,170,115,120,95,92
10099,Mewtwo,150,150,0,106,110,90,154,90,130
10100,Mega Mewtwo X,150,10100,0,106,190,100,154,100,130
10101,Mega Mewtwo Y,150,10101,0,106,150,70,194,120,140
10102,Abomasnow,460,460,0,90,92,75,92,85,60
10103,Mega Abomasnow,460,10103,0,90,132,105,132,105,30
10104,Latias,380,380,0,80,80,90,110,130,110
10105,Mega Latias,380,10105,0,80,100,120,140,150,110
10106,Latios,381,381,0,80,90,80,130,110,110
10107,Mega Latios,381,10107,0,80,130,100,160,120,110
10108,Swampert,260,260,0,100,110,90,85,90,60
10109,Mega Swampert,260,10109,0,100,150,110,95,110,70
10110,Sceptile,254,254,0,70,85,65,105,85,120
10111,Mega Sceptile,254,10111,0,70,110,75,145,85,145
10112,Sableye,302,302,0,50,75,75,65,65,50
10113,Mega Sableye,302,10113,0,50,85,125,85,115,20
10114,Altaria,334,334,0,75,70,90,70,105,80
10115,Mega Altaria,334,10115,0,75,110,110,110,105,80
10116,Gallade,475,475,0,68,125,65,65,115,80
10117,Mega Gallade,475,10117,0,68,165,95,65,115,110
10118,Audino,531,531,0,103,60,86,60,86,50
10119,Mega Audino,531,10119,0,103,60,126,80,126,50
10120,Sharpedo,319,319,0,70,120,40,95,40,95
10121,Mega Sharpedo,319,10121,0,70,140,70,110,65,105
10122,Slowbro,80,80,0,95,75,110,100,80,30
10123,Mega Slowbro,80,10123,0,95,75,180,130,80,30
10124,Steelix,208,208,0,75,85,200,55,65,30
10125,Mega Steelix,208,10125,0,75,125,230,55,95,30
10126,Pidgeot,18,18,0,83,80,75,70,70,101
10127,Mega Pidgeot,18,10127,0,83,80,80,135,80,121
10128,Glalie,362,362,0,80,80,80,80,80,80
10129,Mega Glalie,362,10129,0,80,120,80,120,80,100
10130,Diancie,719,719,0,50,100,150,100,150,50
10131,Mega Diancie,719,10131,0,50,160,110,160,110,110
10132,Metagross,376,376,0,80,135,130,95,90,70
10133,Mega Metagross,376,10133,0,80,145,150,105,110,110
10134,Kyogre,382,382,0,100,100,90,150,140,90
10135,Primal Kyogre,382,10135,0,100,150,90,180,160,90
10136,Groudon,383,383,0,100,150,140,100,90,90
10137,Primal Groudon,383,10137,0,100,180,160,150,90,90
10138,Rayguaza,384,384,0,105,150,90,150,90,95
10139,Mega Rayguaza,384,10139,0,105,180,100,180,100,115
10140,Hoopa Confined,720,720,0,80,110,60,150,130,70
10141,Hoopa Unbound,720,10141,0,80,160,60,170,130,80
10142,Camerupt,323,323,0,70,100,70,105,75,40
10143,Mega Camerupt,323,10143,0,70,120,100,145,105,20
10144,Lopunny,428,428,0,65,76,84,54,96,105
10145,Mega Lopunny,428,10145,0,65,136,94,54,96,135
10146,Salamence,373,373,0,95,135,80,110,80,100
10147,Mega Salmence,373,10147,0,95,145,130,120,90,120
10148,Beedrill,15,15,0,65,90,40,45,80,75
10149,Mega Beedrill,15,10149,0,65,150,40,15,80,145
10150,Rattata,19,19,0,30,56,35,25,35,72
10151,Alola Form,19,10151,0,30,56,35,25,35,72
10152,Raticata,20,20,0,55,81,60,50,70,97
10153,Alola Form,20,10153,0,75,71,70,40,80,77
10154,Raichu,26,26,0,60,90,55,90,80,110
10155,Alola Form,26,10155,0,60,85,50,95,85,110
10156,Sandshrew,27,27,0,50,75,85,20,30,40
10157,Alola Form,27,10157,0,50,75,90,10,35,40
10158,Sandslash,28,28,0,75,100,110,45,55,65
10159,Alola Form,28,10159,0,75,100,120,25,65,65
10160,Vulpix,37,37,0,38,41,40,50,65,65
10161,Alola Form,37,10161,0,38,41,40,50,65,65
10162,Ninetales,38,38,0,73,76,75,81,100,100
10163,Alola Form,38,10163,0,73,67,75,81,100,109
10164,Diglett,50,50,0,10,55,25,35,45,95
10165,Alola Form,50,10165,0,10,55,30,35,45,90
10166,Dugtrio,51,51,0,35,100,50,50,70,120
10167,Alola Form,51,10167,0,35,100,60,50,70,110
10168,Meowth,52,52,0,40,45,35,40,40,90
10169,Alola Form,52,10169,0,40,35,35,50,40,90
10170,Persian,53,53,0,65,70,60,65,65,115
10171,Alola Form,53,10171,0,65,60,60,75,65,115
10172,Geodude,74,74,0,40,80,100,30,30,20
10173,Alola Form,74,10173,0,40,80,100,30,30,20
10174,Graveler,75,75,0,55,95,115,45,45,35
10175,Alola Form,75,10175,0,55,95,115,45,45,35
10176,Golem,76,76,0,80,120,130,55,65,45
10177,Alola Form,76,10177,0,80,120,130,55,65,45
10178,Grimer,88,88,0,80,80,50,40,50,25
10179,Alola Form,88,10179,0,80,80,50,40,50,25
10180,Muk,89,89,0,105,105,75,65,100,50
10181,Alola Form,89,10181,0,105,105,75,65,100,50
10182,Exeggutor,103,103,0,95,95,85,125,75,55
10183,Alola Form,103,10183,0,95,105,85,125,75,45
10184,Marowak,105,105,0,60,80,110,50,80,45
10185,Alola Form,105,10185,0,60,80,110,50,80,45
10186,Greninja,658,658,0,72,95,67,103,71,122
10187,Ash-Greninja,658,10187,0,72,145,67,153,71,132
10188,10% Form,718,10188,0,54,100,71,61,85,115
10189,50% Form,718,718,0,108,100,121,81,95,95
10190,Complete Form,718,10190,0,216,100,121,91,95,85
10191,Baile Style,741,741,0,75,70,70,98,70,93
10192,Pom-Pom Style,741,10192,0,75,70,70,98,70,93
10193,Pa'u Style,741,10193,0,75,70,70,98,70,93
10194,Sensu Style,741,10194,0,75,70,70,98,70,93
10195,Midday Form,745,745,0,75,115,65,55,65,112
10196,Midnight Form,745,10196,0,85,115,75,55,75,82
10197,Solo Form,746,746,0,45,20,20,25,25,40
10198,School Form,746,10198,0,45,140,130,140,135,30
10199,Lucario,448,448,0,70,110,70,115,70,90
10200,Mega Lucario,448,10200,0,70,145,88,140,70,112
10201,Spring Form,586,586,0,80,100,70,60,70,95
10202,Summer Form,586,10202,0,80,100,70,60,70,95
10203,Autumn Form,586,10203,0,80,100,70,60,70,95
10204,Winter Form,586,10204,0,80,100,70,60,70,95
10205,Male,668,668,0,86,68,72,109,66,106
10206,Female,668,10206,0,86,68,72,109,66,106
10207,Natural Form,676,676,0,75,80,60,65,90,102
10208,Heat Trim,676,10208,0,75,80,60,65,90,102
10209,Star Trim,676,10209,0,75,80,60,65,90,102
10210,Diamond Trim,676,10210,0,75,80,60,65,90,102
10211,Necrozma,800,800,0,97,107,101,127,89,79
10212,Dusk Mane,800,10212,0,97,157,127,113,109,77
10213,Dawn Wings,800,10213,0,97,113,109,157,127,77
10214,Ultra Necrozma,800,10214,0,97,167,97,167,97,129
10215,Spring Form,585,585,0,60,60,50,40,50,75
10216,Summer Form,585,10216,0,60,60,50,40,50,75
10217,Autumn Form,585,10217,0,60,60,50,40,50,75
10218,Winter Form,585,10218,0,60,60,50,40,50,75
